{
    "0x00": 0.12449077811359528,
    "0x01": 0.010121186033934509,
    "0x02": 0.006880716656972425,
    "0x03": 0.005219545187033469,
    "0x04": 0.006752726540925492,
    "0x05": 0.005208961886754167,
    "0x06": 0.004407634431934343,
    "0x07": 0.0032017249149308355,
    "0x08": 0.006374285692517553,
    "0x09": 0.00347775986544624,
    "0x0a": 0.003713037116744811,
    "0x0b": 0.0026610062203629723,
    "0x0c": 0.00391792579901668,
    "0x0d": 0.003547069102692149,
    "0x0e": 0.0031182158364728165,
    "0x0f": 0.008853979388473092,
    "0x10": 0.006780142037971273,
    "0x11": 0.0033829733992220795,
    "0x12": 0.0038364316833761187,
    "0x13": 0.002392547560719107,
    "0x14": 0.003503873277375136,
    "0x15": 0.0037603318929716727,
    "0x16": 0.002451888014369504,
    "0x17": 0.0022714432910574947,
    "0x18": 0.003441728671930533,
    "0x19": 0.0021077222414408185,
    "0x1a": 0.00277562211418076,
    "0x1b": 0.0025379257187326163,
    "0x1c": 0.002533186174924002,
    "0x1d": 0.00201822924685662,
    "0x1e": 0.002730804578376541,
    "0x1f": 0.0029793868348924487,
    "0x20": 0.006770025041771527,
    "0x21": 0.0026397959037969096,
    "0x22": 0.0026433811916191222,
    "0x23": 0.002616158390132532,
    "0x24": 0.008427428882120318,
    "0x25": 0.0025467026659142626,
    "0x26": 0.0019735002934885663,
    "0x27": 0.002345802685849222,
    "0x28": 0.0032745841604139903,
    "0x29": 0.0026070696787924325,
    "0x2a": 0.002000235316365621,
    "0x2b": 0.002779570935117627,
    "0x2c": 0.0023700278730349154,
    "0x2d": 0.002795434860666278,
    "0x2e": 0.0032802018591092685,
    "0x2f": 0.002732552643464252,
    "0x30": 0.00536468616653283,
    "0x31": 0.0038736614240963098,
    "0x32": 0.00398453902406578,
    "0x33": 0.004089862198508662,
    "0x34": 0.0031765366334229337,
    "0x35": 0.003074469342851328,
    "0x36": 0.0028828858575336703,
    "0x37": 0.002731503267548376,
    "0x38": 0.0031033054184026326,
    "0x39": 0.0031962059607260882,
    "0x3a": 0.003013073853376637,
    "0x3b": 0.003828228604660801,
    "0x3c": 0.0026475995946019823,
    "0x3d": 0.00258895303670155,
    "0x3e": 0.0027267493434741503,
    "0x3f": 0.003863446450353532,
    "0x40": 0.0055143331543272755,
    "0x41": 0.005086688405629918,
    "0x42": 0.002729296951329851,
    "0x43": 0.0038120076650512394,
    "0x44": 0.00545203400896157,
    "0x45": 0.006501490646062109,
    "0x46": 0.0028444556522402467,
    "0x47": 0.002520174527125136,
    "0x48": 0.0126720631950873,
    "0x49": 0.0038973198370800422,
    "0x4a": 0.002610070360883326,
    "0x4b": 0.0026523195812493652,
    "0x4c": 0.004614850224655872,
    "0x4d": 0.004132288775483908,
    "0x4e": 0.0027013311694533424,
    "0x4f": 0.002304995518518686,
    "0x50": 0.004950158712652362,
    "0x51": 0.003179798652874204,
    "0x52": 0.002591518092612859,
    "0x53": 0.003254326392642021,
    "0x54": 0.003749513906757594,
    "0x55": 0.0034434878577569838,
    "0x56": 0.003258333118115083,
    "0x57": 0.003514001777787371,
    "0x58": 0.003910716492523542,
    "0x59": 0.002868810070079567,
    "0x5a": 0.0022313085449469435,
    "0x5b": 0.0032359673951413695,
    "0x5c": 0.0031202338670802705,
    "0x5d": 0.002843445390646833,
    "0x5e": 0.003257416615853455,
    "0x5f": 0.003647445465764739,
    "0x60": 0.0035190139714319757,
    "0x61": 0.004460193535796194,
    "0x62": 0.0025158029263792968,
    "0x63": 0.0031715313423058226,
    "0x64": 0.0037675450342023074,
    "0x65": 0.00541229174823377,
    "0x66": 0.003871676372231324,
    "0x67": 0.0029480831057622425,
    "0x68": 0.003814561216750059,
    "0x69": 0.004287315708248858,
    "0x6a": 0.003820639659155524,
    "0x6b": 0.0025042390837221777,
    "0x6c": 0.004482893264405839,
    "0x6d": 0.0031712759487885654,
    "0x6e": 0.004215643889231448,
    "0x6f": 0.004550955828491685,
    "0x70": 0.003611305557441011,
    "0x71": 0.002232445161140862,
    "0x72": 0.004531133303425551,
    "0x73": 0.0037711981968782055,
    "0x74": 0.008317114413352186,
    "0x75": 0.0049935541360560595,
    "0x76": 0.0025960731855478986,
    "0x77": 0.0044840990976115665,
    "0x78": 0.003244080165788648,
    "0x79": 0.003125672867008219,
    "0x7a": 0.0019766764148199186,
    "0x7b": 0.002521507865352617,
    "0x7c": 0.003118480049886315,
    "0x7d": 0.0027777316032775025,
    "0x7e": 0.0034383094282419125,
    "0x7f": 0.0026805288689568914,
    "0x80": 0.004500839644151883,
    "0x81": 0.0031257428509675273,
    "0x82": 0.002056911777877303,
    "0x83": 0.006176627407795053,
    "0x84": 0.0033942026610326416,
    "0x85": 0.005847804419589264,
    "0x86": 0.0021788610319462363,
    "0x87": 0.0021606947300047766,
    "0x88": 0.003087283118195382,
    "0x89": 0.00866912548398778,
    "0x8a": 0.0023345086169749714,
    "0x8b": 0.016199562098440572,
    "0x8c": 0.002468932272119532,
    "0x8d": 0.006951253393690915,
    "0x8e": 0.0023066329514296277,
    "0x8f": 0.002015206323288247,
    "0x90": 0.0030590525476947507,
    "0x91": 0.0023773320892810884,
    "0x92": 0.002654415840501745,
    "0x93": 0.0019154249197382157,
    "0x94": 0.0025477913478894765,
    "0x95": 0.0021687634011708467,
    "0x96": 0.0023848849882539,
    "0x97": 0.002370268694549686,
    "0x98": 0.0023923840091648876,
    "0x99": 0.0017529635813890907,
    "0x9a": 0.0018850290647102702,
    "0x9b": 0.001680865531298961,
    "0x9c": 0.0021351883570215526,
    "0x9d": 0.0023914613713232656,
    "0x9e": 0.0020593385915018687,
    "0x9f": 0.0018329648337223232,
    "0xa0": 0.0026736403382553228,
    "0xa1": 0.0020066274402982874,
    "0xa2": 0.0017683259232732192,
    "0xa3": 0.0022931962229792912,
    "0xa4": 0.0019230253694559817,
    "0xa5": 0.0018271540559941038,
    "0xa6": 0.0016493391956570918,
    "0xa7": 0.0018683429714424016,
    "0xa8": 0.002125111625565518,
    "0xa9": 0.0017552582883069066,
    "0xaa": 0.002408566984873235,
    "0xab": 0.0016969815908379974,
    "0xac": 0.0020840956567783056,
    "0xad": 0.002050954513176723,
    "0xae": 0.0018347464527631275,
    "0xaf": 0.002429160675649885,
    "0xb0": 0.00246596073403361,
    "0xb1": 0.002096772723730615,
    "0xb2": 0.001886526529702595,
    "0xb3": 0.0019101082479364008,
    "0xb4": 0.0029969136943563926,
    "0xb5": 0.0020843953415136457,
    "0xb6": 0.003058479062702172,
    "0xb7": 0.0023526979273414093,
    "0xb8": 0.0031425322904109227,
    "0xb9": 0.0021097531184188856,
    "0xba": 0.0022041380876271785,
    "0xbb": 0.0018552975779535677,
    "0xbc": 0.002653197927872904,
    "0xbd": 0.0023658595133763827,
    "0xbe": 0.0020220754885654593,
    "0xbf": 0.0023470336365855504,
    "0xc0": 0.005072057731660093,
    "0xc1": 0.0039028449268647836,
    "0xc2": 0.0030291565506994547,
    "0xc3": 0.003594097556399889,
    "0xc4": 0.004365289343130896,
    "0xc5": 0.0021653951594909275,
    "0xc6": 0.003949335366901786,
    "0xc7": 0.0036049366336701975,
    "0xc8": 0.0032317731510047363,
    "0xc9": 0.002917047808256781,
    "0xca": 0.0027581773180992385,
    "0xcb": 0.002251874050402995,
    "0xcc": 0.011247013002169862,
    "0xcd": 0.002646207776627682,
    "0xce": 0.0028659865528610044,
    "0xcf": 0.0021171372889418577,
    "0xd0": 0.00350209836912495,
    "0xd1": 0.002037522194674508,
    "0xd2": 0.0023760177330042144,
    "0xd3": 0.0020101208861574623,
    "0xd4": 0.001973373747151187,
    "0xd5": 0.002371309825779945,
    "0xd6": 0.002185094397746554,
    "0xd7": 0.002327761588087018,
    "0xd8": 0.0025601438043127197,
    "0xd9": 0.003192964457120423,
    "0xda": 0.0020562399318679427,
    "0xdb": 0.0029611702978897866,
    "0xdc": 0.0028104311768563798,
    "0xdd": 0.002149083144865828,
    "0xde": 0.0019915538541476338,
    "0xdf": 0.002752688083110088,
    "0xe0": 0.003484111916372069,
    "0xe1": 0.002005213380846508,
    "0xe2": 0.00235054357181596,
    "0xe3": 0.00237758288111335,
    "0xe4": 0.002490407760783467,
    "0xe5": 0.002880362216787322,
    "0xe6": 0.00199509868548926,
    "0xe7": 0.002485185998734687,